id,path
1,data/1/0.wav
1,data/1/1.wav
1,data/1/2.wav
1,data/1/3.wav
1,data/1/4.wav
1,data/1/5.wav
1,data/1/6.wav
1,data/1/7.wav
1,data/1/8.wav
1,data/1/9.wav
1,data/1/10.wav
1,data/1/11.wav
1,data/1/12.wav
1,data/1/13.wav
1,data/1/14.wav
1,data/1/15.wav
3,data/3/0.wav
3,data/3/1.wav
3,data/3/2.wav
3,data/3/3.wav
3,data/3/4.wav
3,data/3/5.wav
3,data/3/6.wav
3,data/3/7.wav
3,data/3/8.wav
3,data/3/9.wav
3,data/3/10.wav
3,data/3/11.wav
3,data/3/12.wav
3,data/3/13.wav
5,data/5/0.wav
5,data/5/1.wav
5,data/5/2.wav
5,data/5/3.wav
5,data/5/4.wav
5,data/5/5.wav
5,data/5/6.wav
5,data/5/7.wav
5,data/5/8.wav
5,data/5/9.wav
5,data/5/10.wav
5,data/5/11.wav
5,data/5/12.wav
5,data/5/13.wav
5,data/5/14.wav
5,data/5/15.wav
5,data/5/16.wav
5,data/5/17.wav
5,data/5/18.wav
5,data/5/19.wav
5,data/5/20.wav
5,data/5/21.wav
5,data/5/22.wav
5,data/5/23.wav
5,data/5/24.wav
5,data/5/25.wav
5,data/5/26.wav
5,data/5/27.wav
5,data/5/28.wav
5,data/5/29.wav
5,data/5/30.wav
5,data/5/31.wav
5,data/5/32.wav
5,data/5/33.wav
5,data/5/34.wav
5,data/5/35.wav
